,model,parameters,accuracy,recall
0,logistic regression,{'C': 1.0},0.6683333333333333,0.6857142857142857
1,naive bayes,,0.7566666666666667,0.7432432432432432
